[
  {
    "line": 1,
    "elements": [
      {
        "comments": [
          {
            "line": 3,
            "value": "#Background - to run feature before every scenario"
          }
        ],
        "before": [
          {
            "result": {
              "duration": 10479383399,
              "status": "passed"
            },
            "match": {
              "location": "setup.beforeHook()"
            }
          }
        ],
        "line": 6,
        "name": "Validate Logo of page",
        "description": "",
        "id": "homepage-and-login-page-validation;validate-logo-of-page",
        "after": [
          {
            "result": {
              "duration": 724331355,
              "status": "passed"
            },
            "match": {
              "location": "setup.afterHook()"
            }
          }
        ],
        "type": "scenario",
        "keyword": "Scenario",
        "steps": [
          {
            "result": {
              "duration": 114786108,
              "status": "passed"
            },
            "line": 8,
            "name": "user is already on homepage",
            "match": {
              "location": "StepDefintion.user_is_already_on_homepage()"
            },
            "keyword": "Given "
          },
          {
            "result": {
              "duration": 88156745,
              "status": "passed"
            },
            "line": 9,
            "name": "user verify Logo of page",
            "match": {
              "location": "StepDefintion.user_verify_Logo_of_page()"
            },
            "keyword": "When "
          },
          {
            "result": {
              "duration": 70969283,
              "status": "passed"
            },
            "line": 10,
            "name": "user verify contact us link",
            "match": {
              "location": "StepDefintion.verify_contact_us_link()"
            },
            "keyword": "Then "
          },
          {
            "result": {
              "duration": 44319038,
              "status": "passed"
            },
            "line": 11,
            "name": "user verify signin link on page",
            "match": {
              "location": "StepDefintion.signin_link()"
            },
            "keyword": "And "
          },
          {
            "result": {
              "duration": 2155772273,
              "status": "passed"
            },
            "line": 12,
            "name": "Click on Signin link",
            "match": {
              "location": "StepDefintion.click_on_Signin_link()"
            },
            "keyword": "Given "
          },
          {
            "result": {
              "duration": 173252427,
              "status": "passed"
            },
            "line": 13,
            "name": "I enter username",
            "match": {
              "location": "StepDefintion.i_enter_qurate_selenium_com()"
            },
            "keyword": "When "
          },
          {
            "result": {
              "duration": 107259980,
              "status": "passed"
            },
            "line": 14,
            "name": "I enter password",
            "match": {
              "location": "StepDefintion.i_enter_qurate()"
            },
            "keyword": "And "
          },
          {
            "result": {
              "duration": 2542738073,
              "status": "passed"
            },
            "line": 15,
            "name": "click on sign button",
            "match": {
              "location": "StepDefintion.click_on_sign_button()"
            },
            "keyword": "And "
          },
          {
            "result": {
              "duration": 47998754,
              "status": "passed"
            },
            "line": 16,
            "name": "Validate QURATE Selenium tab display on page",
            "match": {
              "location": "StepDefintion.validate_QURATE_Selenium_tab_display_on_page()"
            },
            "keyword": "Then "
          }
        ]
      },
      {
        "before": [
          {
            "result": {
              "duration": 10901339591,
              "status": "passed"
            },
            "match": {
              "location": "setup.beforeHook()"
            }
          }
        ],
        "line": 18,
        "name": "Validate scenario when user enter invalid credentials",
        "description": "",
        "id": "homepage-and-login-page-validation;validate-scenario-when-user-enter-invalid-credentials",
        "after": [
          {
            "result": {
              "duration": 714584373,
              "status": "passed"
            },
            "match": {
              "location": "setup.afterHook()"
            }
          }
        ],
        "type": "scenario",
        "keyword": "Scenario",
        "steps": [
          {
            "result": {
              "duration": 3805164414,
              "status": "passed"
            },
            "line": 19,
            "name": "user is on SignIn Page and enter invalid credentials",
            "match": {
              "location": "StepDefintion.verify_LogIn_page()"
            },
            "keyword": "Given "
          },
          {
            "result": {
              "duration": 56044438,
              "status": "passed"
            },
            "line": 20,
            "name": "Login failed message display to user",
            "match": {
              "location": "StepDefintion.validate_fail_message()"
            },
            "keyword": "Then "
          }
        ]
      }
    ],
    "name": "Homepage and Login Page Validation",
    "description": "",
    "id": "homepage-and-login-page-validation",
    "keyword": "Feature",
    "uri": "src/main/java/feature/homepage.feature"
  },
  {
    "line": 1,
    "elements": [
      {
        "before": [
          {
            "result": {
              "duration": 11064971739,
              "status": "passed"
            },
            "match": {
              "location": "setup.beforeHook()"
            }
          }
        ],
        "line": 4,
        "name": "Test_Scenario to Add item to cart",
        "description": "",
        "id": "cart-page-validation;test-scenario-to-add-item-to-cart",
        "after": [
          {
            "result": {
              "duration": 752352689,
              "status": "passed"
            },
            "match": {
              "location": "setup.afterHook()"
            }
          }
        ],
        "type": "scenario",
        "keyword": "Scenario",
        "steps": [
          {
            "result": {
              "duration": 8707871,
              "status": "passed"
            },
            "line": 6,
            "name": "user is on homepage",
            "match": {
              "location": "Order_StepDef.user_is_already_on_homepage()"
            },
            "keyword": "Given "
          },
          {
            "result": {
              "duration": 4904420119,
              "status": "passed"
            },
            "line": 7,
            "name": "user is on SignIn Page and enter valid credentials",
            "match": {
              "location": "Order_StepDef.verify_LogIn_page()"
            },
            "keyword": "Given "
          },
          {
            "result": {
              "duration": 6587651699,
              "status": "passed"
            },
            "line": 8,
            "name": "user select Summer dresses",
            "match": {
              "location": "Order_StepDef.user_select_Summer_dresses()"
            },
            "keyword": "When "
          },
          {
            "result": {
              "duration": 9936329,
              "status": "passed"
            },
            "line": 9,
            "name": "Summer Dresses page display",
            "match": {
              "location": "Order_StepDef.summer_Dresses_page_display()"
            },
            "keyword": "And "
          },
          {
            "result": {
              "duration": 1224717129,
              "status": "passed"
            },
            "line": 10,
            "name": "Add one item to cart",
            "match": {
              "location": "Order_StepDef.add_one_item_to_cart()"
            },
            "keyword": "Then "
          },
          {
            "result": {
              "duration": 81534884,
              "status": "passed"
            },
            "line": 11,
            "name": "Click on continue shopping",
            "match": {
              "location": "Order_StepDef.click_on_continue_shopping()"
            },
            "keyword": "And "
          },
          {
            "result": {
              "duration": 92714892,
              "status": "passed"
            },
            "line": 12,
            "name": "Add one more item to cart",
            "match": {
              "location": "Order_StepDef.add_one_more_item_to_cart()"
            },
            "keyword": "Then "
          },
          {
            "result": {
              "duration": 2277951789,
              "status": "passed"
            },
            "line": 13,
            "name": "Click on Proceed to checkout",
            "match": {
              "location": "Order_StepDef.click_on_Proceed_to_checkout()"
            },
            "keyword": "And "
          },
          {
            "result": {
              "duration": 73308347,
              "status": "passed"
            },
            "line": 14,
            "name": "validate Cart has 2 products",
            "match": {
              "arguments": [
                {
                  "val": "2",
                  "offset": 18
                }
              ],
              "location": "Order_StepDef.validate_Cart_has_products(int)"
            },
            "keyword": "Then "
          },
          {
            "result": {
              "duration": 37266456,
              "status": "passed"
            },
            "line": 15,
            "name": "user is on summary page",
            "match": {
              "location": "Order_StepDef.summary_page()"
            },
            "keyword": "And "
          },
          {
            "result": {
              "duration": 1375913559,
              "status": "passed"
            },
            "line": 16,
            "name": "user click on proceed to checkout and validate address page",
            "match": {
              "location": "Order_StepDef.address_page()"
            },
            "keyword": "When "
          },
          {
            "result": {
              "duration": 2710687350,
              "status": "passed"
            },
            "line": 17,
            "name": "user click on proceed to checkout and validate shipping page",
            "match": {
              "location": "Order_StepDef.shipping_page()"
            },
            "keyword": "And "
          },
          {
            "result": {
              "duration": 126296677,
              "status": "passed"
            },
            "line": 18,
            "name": "user is on payment page",
            "match": {
              "location": "Order_StepDef.payment_page()"
            },
            "keyword": "Then "
          },
          {
            "result": {
              "duration": 1622693763,
              "status": "passed"
            },
            "line": 19,
            "name": "Verify Signout link",
            "match": {
              "location": "Order_StepDef.Signout()"
            },
            "keyword": "And "
          }
        ]
      }
    ],
    "name": "Cart Page Validation",
    "description": "",
    "id": "cart-page-validation",
    "keyword": "Feature",
    "uri": "src/main/java/feature/order.feature"
  }
]